SeqID,Category
c35ead5cbf96a781cace73701eb408d1129fc77c,Abundant
ba1ea4aa4bc22e1ff9fff65030e59fb2a20d006b,Abundant
7fb85e31c7c1cc58fd30385ae503f74aa4ac9624,Abundant
ba180f286ae4f586d3472ea2dece29eb2267fde8,Abundant
493634c4e5259a9999b24bd96693fee533ece0f1,Abundant
39473a668219c6d5eeb72672ab0735fbc9b58c21,Abundant
e9040021e8513b709cdfba273d1fa698d159dbc9,Abundant
61fab57d8f2e06a06717214c3a80a9cf792e34f2,Abundant
25f86aa9cd8404e1ae12a36924fde80884bd3e39,Abundant
c1f85835f6c8372ecf5459accfa2c9e35c6d1aea,Abundant
50b1bf146c3a7c3307a1db7eeb865c7ee637c097,Abundant
d0ed443981148fd5dd1d76ee77ce43ebe3c7267c,Abundant
0772dc9d92b6b9ed0864e6aa826fda0e98bfb8e6,Abundant
3bd6f27ceab5094c5701b5a2e140abc8fe7f4599,Abundant
616860b3af8544b1b48fba5008aa1887b4364ccb,Abundant
2b11fc887551f149b0484e9412af0254dc4bbb80,Abundant
7ac619ccc735dfd7c9005e0bca70587fed1e275b,Abundant
0ebf4bdc7fa8067f5aba6ebb4ba5c64cb6d77342,Abundant
de3d3225d3865a8e879ab7bd4f4b70d48a05b840,Abundant
2981eaed541f0b8799826565ef1364d6e15b4e8b,Abundant
686d0eae48746388b84891eec5595f43ec5c8ce3,Abundant
5f67659471c9f7a5cd71606f612cbc82cc268a0a,Abundant
16b3b8d9eefdae93a53476c04b7d3f307fa3cd92,Abundant
21168f80b7ff2570c9e27300007659bde87f09dc,None
0042c42775400cd61e84902be5afdeae70e240e0,Abundant
5adaae1dd91abbd59efb3b50092ed7bc2f578a95,Abundant
34da7ef8f44e3bf30af63ac70f41eeb87f46b223,Abundant
8c634046fa95721da6d14761d0b52de11e396403,Abundant
a06176c83322f229147d3c684fa03ccb0186f785,Abundant
5808efdd5e2631b0a487c1598ec62b5def2f2e19,Abundant
60b25f6355fe38f0deddd385cde6abdde7317d78,Abundant
8a5ea7a10c2e017fea5e571338c97705adb9c6cc,Abundant
e0504fe1a01bb7152b028aaa79f8627c576c1ce0,Abundant
25bd379140bf0e41bb3362dde4d46e888cd23529,Abundant
47b06629f5ae9c284d38e0f035532d3afb23370f,Abundant
6aad1abb5af7267cdb8e00bcdee1e9c569b850d9,None
4c2c4a85a2d7cf7576328f56575f1561b1c31938,Abundant
e6c6ca503d685296b30bc8f042b3e239ba8d966a,Abundant
01434eb96cc34655c415175fc02022ca02358a7f,Abundant
d4353932c5437993f4f16f5aa7685c6457f50854,Abundant
f369bd01ce66e9be571500192c61c4e89c52860d,Abundant
345fe0578bdfbb16fdfcacaf22067346aedb7dc0,Abundant
8822f04c7ba1ab6b5f010537e16abb5d021cba8c,Abundant
029bbe66c4c632f439e6f8ad136a2142db1670c1,Abundant
de1f5f353025ef607f8ed592b96ca3c3f4efe846,Abundant
47886e12d58060570991cb17e3cc07fda0c5e66c,Abundant
e4bcf76ce2161437ba81c8bfd99677d1d35f0035,Abundant
f34037116773cddbf9ddcdf6170af2d693305b4f,None
543b3f916ad85bdac4a48ec99137246b8eddaa02,Abundant
e5ac7a61118bf029d2cef600b26ab1aed9a48659,Abundant
ce49b3b8ae350988bd46ec535209492e6b77d8cc,Abundant
2e294f577fe85b0a2e40606ae536b81369d970bf,Abundant
70d37cae1229641adc683658217c68c4fd2f0af2,Abundant
6af9ff9bb2708cdb1234574f8bfa4dda65bc07c9,Abundant
725bbe96d740a24dfb2c461a4d9ae89876c0bf81,Abundant
f9f190d7594100fcf4ed2c65a4b4513d7b23552c,Abundant
6d24754960daae169833cffdd6e0abbbc4f5f248,None
c9a78e5f6f4f49b453bd1b2c98ae4f4fa43fd1cc,Abundant
5df5f03e7107a88b5852c36a2580240085e60ae9,Abundant
b12959de31091dbfa0cac45451a92f42172af63a,Abundant
ac1b4e27c56ff477cd55bf8840463d72dc47bfab,Abundant
a4e52d681638f0173b0683c71cf710706d594f0d,Abundant
106f90d37c0e5b24d58fc57d86156107832d2026,Abundant
e0bfd69f6e4d2c70256db6eb37cdd6ae3da35bc3,Abundant
6c51ee9f2556ad2e60954472a91a7ae9dbb33bbf,Abundant
5fb72e83bde05e9ad1051b64532d919798924dce,Abundant
017b946c00dc4c943759b36e5e8ebeca29413f30,Abundant
4e0d9f6afdca8192d71f3ba25bbbafe1b90e9076,Abundant
825dcc0ed9c9aaab197b5a20f7e370c7afddcc5d,Abundant
9dc461c9a1ee5aaec164d188ad6b125ca61814d4,Abundant
d807c46becb9b040cfe9b5fe7109ae351fb2a4fe,Abundant
938dc01e96257a7a8075a2906cd91feeece21205,Abundant
5247504429913b6b87d298a51d9c45547cf2d4f4,Abundant
e0fd61bb1375ca10617058dadee2ac1bc6ed013e,Abundant
554d1429bca308e24e7d4c2548e298d067481483,Abundant
df916ec87411b821501666f68f6411cdc3db9f70,Abundant
1047f03ed41adffc1d924ba61ce8a7dba97d5dc5,Abundant
18264e2b30bd2353f020789d323d28680d9434b7,Abundant
07e9d6860b5e845a3b4734f551d3592e18af9baa,Abundant
4b8ac83b7707e3033c2fb284146fbd229067e2e9,None
58b1038b55e3a300c9ead11578d1f683d3c2699a,Abundant
a136f63a167ffa71565b430a8e83dee807c94b92,Abundant
740d7d328d11d968dd8a258bb685fd838d1bcd82,Abundant
a337bd8064157da062f3d3f8cf03b7b546fe1cbf,Abundant
5c50e85e40d3c5a1e8fbb2371f2f7e6c82940d1e,Abundant
2ed90540ffa7dcfc3c4b950ec191f8a1ab7dd07c,Abundant
5d5f61e252d6d3c21aa014564657eea452978b1a,Abundant
a6b385be11522d98c28857b650ea8ea262559223,Abundant
550771eab1ef539a5bb0f450d6376bd4dbbb39fb,Abundant
56187cf344917b66705523497ee579c4dc4bf571,None
e6462ad3e8c78c44c6cbbe88fa12c28840529ca9,Abundant
56f0c0d6386d3dc54b08a84b2ce88f542a2b2134,Abundant
b22525ae411b181d8c3bfd19255f035bcd8959b9,Abundant
e6b9818a42488dc2cae7d42decdb610a8ce0a388,Abundant
5dfde28c9bc3b6294906725863ec8d08457f1c3f,Abundant
50f188ac5f3f902cc8703374ee6b8482a1a89414,Abundant
b414bfb2cf2ca1105b22206db992237bd0c7be74,Abundant
7ec6b8f19ef7fa138bf88bb22d2beea360f5a347,None
ea5516f7d294630f80b2fc38745fb3a783ea2b67,Abundant
8da365be38ea9e0b7a7670a0444cec88e61955a4,Abundant
f989b946821efeb6ae7152f0ec5f6730a1ec87cd,Abundant
ce25c7227c91cda6e4d77da7fb40c1111a473dcb,Abundant
f4c85db55ace34061ef8503f120271c86caf9b2e,Abundant
bcb0a5426ea34457cb61b7d60ff9382d0ae0d74e,None
0dbc148a58a6ecb167de5e1ce22d10c116af9339,None
57ad0efb4fc7c7c1dd124a1b485eb78de1c4dcdb,Abundant
0d123c4d66b1f63eaf17385ef9e2367342ab653a,None
fddeb3dfd2c68478255becf6d4e4fbf6a60d1ee9,Abundant
fceb6f25c7120da9ad912b6ff5078b4f5197115c,Abundant
711e62e899285ff57b930bcdc5839dc959545660,Abundant
552c902cec85aefb2d720dbdba18c83c6e6dcac5,None
4d6afb7316b78a95350125cd3c3649bc3c47c30d,Abundant
13202fa5e173f132a1ffbee57d90e62f3afda065,None
a9f96f1a33e7bb9ba4a451613ad6263b3c0b0f19,Abundant
e8861915311d58deb9958458de1c9d828d84d8eb,None
4ee176d13811592f58f6aebaa0a799ebe305d9a5,None
0e275f7772324aa5ca66a738be38e31bc0871009,None
6065c313236efe96d8e383a58240fa384f1d015b,Abundant
b50fb0cc3eb9c97944946d7167a4c1491891fa1f,Abundant
0d38b773b40f098b88a2395ddbd149a29e7a5be2,None
1a1ea374f12bc7d20285d7c1c3e774f116724e7c,Abundant
4d5c4ac875ab8229af20a30d1ecc1f60049ea234,Abundant
d173a74609bceb9a0abc9f74895132bc7f3e707b,None
cb102aa16ec071ede2910bb03230645efe8ecd8e,Abundant
e9c5bf6e87ff2de0550915530cb2189e484585ab,Abundant
bcf9e2fd8541a168e50049a305cfee8783feac85,Abundant
5e50f0388754bd81c6dcba60831e66f9b1112c20,None
08b34510422fd59b5ce39d99fb4877a2072d51ee,Abundant
5ad2240489e0b8303be9a49c52bfe82e89795119,Abundant
b39a4647c096737f0844d64854725b57b168ff1d,Abundant
aab86882f467493f59a979f527c63f62e73b0fb1,Abundant
5e7722e8f92b6532d86b60b5d4166aa3429ed82e,None
826703172a46da43f0f7c0719cbdea4b25f7f8ad,Abundant
4223f5af18a36deafbb34a6162fd88a3fc8e6bef,Abundant
5c4f75b38194a1743a251dfa7284c5dea29d329f,Abundant
99433aacf4a45b96990bdf412426577559f1c6ee,Abundant
775e1d7efa61f5c12974629481c116defd69a9dc,Abundant
b73048b62d300a4c32e691ca3dff46b34ebac433,None
67a7154a400c8116d9aa5b0a1bd8fb724df9164a,None
eb61a932260dbb57970dc3ea9dd803189d979101,None
63d029c2dfc4af2df2c444bddb25746e13053662,Abundant
03ac0623ead3a8951bee8eff883c3efe6cf92e66,None
13e5eb0793c90aa6b0c2f0ad62189df815dd3f52,Abundant
459898393d0fd5536945da55fe0920fd8a6be241,None
64a60bea91b29f95e23d8046b90e30fd8100b5a9,None
110c7beffbbced9b6910fd1371e38c68786e6a29,Abundant
1f385c9988cfd2c2103189eb38f1ee9b4841c89b,None
3018ea4793f9f1dbcccc2a821a30516375668920,None
5336b7c37409b3963a85f5d31d3cfa4accbbba47,None
643d0097748977e76fa1e7939f77d5fc4108670a,None
f8d91fb6807163ceea6a306f0451b373ac2246d9,None
1545646f95d6be7d788d207401fc548f949945bc,None
6548a00520635a3f1c055bfa3822fd2e8f327dc8,Abundant
6c874227305a479b0355926098ff433793fa8168,Abundant
99f2ff201daa5983db7565cfaa2c683cfeb42daf,None
9db9db89c823335034a77b7a7965b7c3c0123151,Abundant
0bb610b5983d9efd996b9e416af728434a9ea10e,Abundant
7caaea5fbea8b302e905495c5ae84393217c5f60,None
5fa44c9d0d55b8e0b3132582042c0a1410622f90,None
14eccc5b8671e660e884cc69d5beb3e41d2866b3,Abundant
9df7172e2cdc59dce26aa950d743bac306359929,Abundant
bfbe8377ddece5b57b9158c09c7c24cc1f9d7d57,None
f2d2ed6a94566626091f8283ed31b2ee8b98fc70,Abundant
d0eec566f90983ff26b2471543e3190b737f877a,Abundant
2d60dc5cb6cde8524d47279f5f936a1ae0d997c0,Abundant
4391828bc0e37e06ad4b4752c33e6963557e475a,Abundant
6c1135c63723a5b67b158d6ea4c177b2a51c1e57,None
43ea589883b56b7b7437b3a376609e0b3e15a62e,Abundant
2c3f847fa89887d8426fb68ac6ebd195ae669fd3,Abundant
9139747fd26140ba8196739eedf6a0c2e9671586,None
888b4b4cf8f0331e94e8500167b7d53d1b04aa83,None
16631471f587379a83346e4c416288582b575242,Abundant
d93cec258d311c6a4fd8e6fde040ba848a2b3a3d,Abundant
151085d3abc83953f332c2c060109d81adc454cd,None
d70ce921d45ccb699a60658a2ee7ef542e01c24e,None
710be621c690370efee876f9a5bcf4c36346e56d,None
7a94c8776d2b848f6644fc057d67792ef15a5daf,Abundant
04e6df5b3737115b23a0ebf2736b7cae559889a7,None
95d5e80cb05a00cff5f158c036ccdc52db821f87,Abundant
9e2251a6dee36e2e97739f0e31f2511cd1af629b,None
1ae23907ccf520ab37c80c960c7eea86f8404c95,None
65e972450d121f3f36e9e15ac7df392d0684296a,Abundant
8d571a7f9c1eda370465fe7d606366934b1f1edd,Abundant
41750786584d1be0a885a5c3049d8ab5aa40564e,Abundant
a72de16f621e0554b6c8e89d96c38d577a419ef8,None
ff6c3fcbf5b8905697cb829606840640430eb35b,None
37ab84ec3be049904d8d173b0a752ccf53aeee64,None
dc44a3bbdf9fcc9240771f2c45b8b4b9d57cf88d,None
f9a25d3f76de874c4a3f79ffde978abbd86da670,None
d33b59398138014d15498ac597368ab5d9a178e3,None
1e50d7aeeb83e12fec226bb2f20e481628dbef97,None
e56998af9f909925d39f45b6a1a985233f72adeb,Abundant
869293bc6a2ae0bfd23b3f0d186c058c206df0b6,Abundant
35cab92f929a2e620b98969e518eec29940a5e7e,None
2b4284a1e9c55172a25c8a34afda36db6e0d802a,None
6b086a405779c1d6a46a402dda0cc25f6c728425,None
ae71588a7307c9b12c84104c7352a5fd7b904425,None
ee9ef0e4b18df0bb899fb6a8a88e978ed3a38167,None
c93d7d16e78642e3e470dd6ad4110e375a812168,None
1e8c014db4c4b764873d0df30da643025c5abf1f,Abundant
3cb02b0c40449250adab23b033f358354629b1dc,None
c1036006e1b52d7a69620775328c1823463961a2,Abundant
0cd3e396077fc5ec7afd5e8688eac129f1c8142e,None
4d13486d83758118af6c81b62d8082acc432d363,None
008988bc8a7066ce233eb1971a91142d18dacb7a,Abundant
f3b03bc13b72751f9678523b1e03fc66b88e03aa,None
6fa48b3dbb933a043a29026b9928e28abd33cba0,None
e41164ac3b36515e136dfda99863bc2556f4e749,Abundant
0507eb0608bf2f5672acf16bb33f25f0018e69e5,None
95d3346110db165c34c598f0eeca8f20ee4e9d7b,None
e066cd4c8afd332bd27b8b196e4f827d63a53aab,None
98aaed43b8cc867f9cf5d909bc3dbf8e04252b9d,None
61d78d37a8e63ccc17a40e1dcf26ac6b7d9f70f1,None
b1eb528d550b4de04f083ee4450cee1371b5f5c1,None
8ce8e7b0571524c1a5e46736e6ce8ffa730b6d50,None
4f5cc2bb67317fc349e29ed39aaae047fd1046cb,None
08549e6ce6eb6bbf02beb7ecfaa6c00354c8ca38,Abundant
f66cb6a7ba14f44f70ff4ed2cc9060a44a69c26b,None
e862cc92f095b209c3cd47593dde78251ba2006c,None
d5ea6a26b9e0edc8adb8f2e6d6b0e9266cc3c4df,None
7f67df57d9892980911187828bc69f1d0718369a,Abundant
ddd127cb650f1760c072ee0376f2fea0b5e0fd69,None
06bf121960721b79a9a6a83b0b27438d3eae6ac4,Abundant
dcefc5815db6a0786b058f503da653860f3a702c,None
e6e79c553152b3b945475eea94478a118b66655a,None
77f798766a6b17fcc98cf91d893276f9900fa8b7,None
0c53fef39f698dd2c184805e22e7dacf48c1fab3,None
495b53491a8aa1f52e75586e89e39f6ca31e86c6,None
93d98cbc8383ca7b9395ec2a4691f35419b81871,None
465c98d14ff96e7b70818605cdd7a6b68f6ae3f1,None
9306613f246b1e42570bcf8ca122618c7f5d6489,None
3c90361ad371fcaf7e09a6055fa79459ebac10be,None
767a1d207e8ffc42112545bdacb379c7039230b3,None
349fdf81a8b1b640e478958fadb722de4ad00d38,None
a10f3b34cd44165772a840f348184e32f9668fb8,None
69748e6d3b668e18f703bf98d18487bc10bd8507,None
36105541c9e6fc85b447611fe57029e9f1926c14,Abundant
2534765fd0eaf2a82052a30c78f8ef711c05b4cd,None
21789252556f215084a0fff1f8b1adccd0d838ae,None
028583d17a9ac88e21b437243f6274dbcb99201f,None
b96dc1ba93b093f89a84b60be44687920b357a06,None
5d8a0fe7fcf0f626b45022b2b43ccb41bb594439,None
c1abef4475743fd27840c013e6f83eaf9116193a,None
2b900c291f930a06aea9c72fc761ec8eab2e63ee,None
0ddb737e51c8c468a5830bb5a3dd2d40b3cc362d,None
d14480fd41325d0f7b002fc7736c3a9d09be64e2,None
251e37cae721440e32ed71785a6edeef553ea50c,None
a8c6f94bf708781514d508f6034c9bc9b356ae83,None
112ab20c45c94c85ccae14fead3ea3c6d5a7c961,Abundant
af2befa92c8c7212283a681da64ebd5a332e7f89,None
19265275487eec1af0d0c050e2c75151a2e6747f,None
9a447f2c5919d025568306edfb74c1610fefc888,None
a61858ab8b49c95e89cc030d676067df1f3c4dbd,None
ad738ca4463df7f3586942d67a461d26141e23cd,None
be2c442551bd2f1f0a4c24b9dd94f418278995ba,None
13d35885ec9f29ef4e0172e760f8bfb873a104ba,None
3549c93e47298d3a78e0fc5c0ca4ec4b25c6c937,None
0f95595a0d53eb1f1dc85bf7119845c83f6a07f1,None
a3970389952480ec3854062ba742ac924edbaeb5,None
4732bfb83ebf7c5d62e6b62c7dc7fcde64d042d4,Abundant
24b8ed042c5cf7b5e004e03c1071b0ffcf9ec925,None
754da0301033fa9707da1ff2fc33ab2ba3363660,None
663d78f67f92c863738897c06db01d9dbed76d44,Abundant
8b1995d0d698d606ed3795b208a3ac4ae867c78b,None
d30cab3d6378534bea1696f91f47097ee07e781c,Abundant
861c939bc9220c55c8f12d9f599c3ac4019d4894,None
23476acb4a875bf04a03193253157f9ffb5b8959,None
8f2cc5d3ebc7193521e8feb0f732c96825de2f57,Abundant
b913aaaf6887b2a5df74cac0728c32f04ca0af67,None
5c9d4a2179ab8713c87683b55d47d70b7e18cc7f,None
aeb7fb241fb1b4bfbbf5b4b0e2b295cbf00288e2,None
0ca2df42df346fa1249b3a860f3e4f0eb84bc615,None
16c325b0d7ff3788b765065b9aca13e2fe91061b,None
b1605a30411577196c5b3de51e4b89404f3ce20c,None
03068da9a0040e31f683a642af04e688c55a29ba,None
b024f930acd855b441e9ef5c9f76a47428167b7f,None
892e09130b7addf9e6ffac077ea8b575e8fbe3f9,None
f7563f53da544d8e3dda4e1c720984ffc7349e48,None
866257d436dda3af8875f49c033fd741b8f12903,None
e2c8d7629e5f7d67d3249f516d38869f45b357d6,None
15a580ef12e02162f1477fec6995eaca27cc5537,None
6f6e5ca45a9c043354a38097cba6fc96e958cb23,None
097551c57b51914cece922cf0cb0da765974f4be,None
2b07acb827c246ff4ac1943608639d6746928b52,None
7652dd7741f73b7808ac4b59bfd3d48b82f95347,None
1e06170e1dcf55d33b73289ad96710afb04a8b8e,None
83d6f9c33cdbecb6aa90cff39ea703af99103b80,None
ec0dd2024e379fad2c044b68b91ebc635c63fa28,None
89efc0140162ab5e47037a4085cced24b2b45e22,None
057cf86112b0cbcb3eaf52825786df7b5a8fba59,None
0bd98cdc9d1a49d4b7580e8a2ae02ac108c45726,None
3d49711aad2660fc04fd8f267ee3f669f1a38701,None
2c849ffdd41291528c85c0b8c0fbe81f2f5601ba,None
8bb7761e472f41322e68fc527081c84bf9c274ec,None
e737b5d7d844c51e9a4763176eba816b3498667d,None
244409279a2439202f535d2c71ee72e4986b4b0f,None
738ffbb1871b17ca33dd226729a9e94c8e0fd3e0,None
80890477ca2f54df123c4eb8428dfaf41f1e7dc1,None
830e857ce85dccf8b6b1281d162609d077165e8c,None
79ebb6a2ab4d416179fe1b22e47f1250baf9d3e9,None
5f4056bbf32d2f6b449e239f50997761edaa5e30,None
ad6c0611fab1f0b446578d129625058f2bfddb5d,None
ad5fe0905414e449b17526a3daf496fa20741c8f,None
d7b7e4733cba6d78ba1a4e89690227f45e394634,None
31db6a04b61983d8368502a43ec026a9db5ae5c3,None
7c235ec724c997e67fbfe1389490626685cad2f6,None
d30d141c241abd5fff74d133666aeb49ca9a4bfd,None
111aeaf0370e73d60140f8cf9e94cbe60cc2cbfb,None
fdc6e950a66b36928450c8b27fd153dda5c18798,None
c60e54b3d556219b0af9b7a5c6e6c670166892c4,None
1069e3e920d2b4c4c1d1cd6878a57c1ab19bf76e,None
6bdc4a34a9c59a55d9d21978721b97440a21e63b,None
923f980f14568d44f2d5b54a48e3014d6adb57e3,None
74c141eb99fb39b4b8d8fc2769132d53135875d5,None
9e14acc74770dd4864d55a0ddfc0250fe98c8a03,None
eb37f4f76f4bb0601030f4964e23f9e6f708c814,None
12b9cfaf8582f117367bcf7ac759da5bf318943d,None
eaa89f17a9c5d8c0bcd3cdcae2b2a74619fdfae9,None
0e875d14b56ffa249006365d6720747835e09415,None
7f129148cfd9b174b7c38784f468cf3ba91eb2c9,None
06806a10b55a5a9c6c95611201cd79bc5416510e,None
b446208808148761e59864ded38fca33fd10bf73,None
434300eada13fd0094731ee341b67057b66fe270,None
12385c8522450a4fb9b984e9619601e13b761f84,None
385cc11cf45d4905300a6ece3b2403027da7c5fa,None
e4e62365d24d0b9231c8bf81442c425379816f54,None
e9de341be6273f3be61fe2e717275ddd07df27ff,None
7c9001056627fe33c89e871d63c8a9a1a2544787,None
31b6a4e151e025b85575d3b326b3a6a81aca3b67,None
a1bfacac5e73ee76eb2591ad9a4eee54483149d7,None
003319583abed92444f3f9d8f128f35c1de39bf4,None
82513fb41f47cfd9e3f607beb4f67588dbc1fe4e,None
d5b6786c8ca88039c113002f681383e1a4db6481,None
162fecfb8a73de2cb4d48c61dd47b9039496017c,None
9d3f5ea0c946a78f44eef48723505cdd897a3949,None
ba97cbcb312a5ef3982c7b1cd3f92c53b7bf3fe9,None
d3faca755821fb14018a1ec49ac6d12021660471,None
dd79db81667172cf10bec52d4f393195220760f9,None
ab4c15f4c3d01431a6b884d01e0a058e846e2905,None
4facbf3a69342122ea580794a93b9b2ea9a5ee5c,None
52daa00c46b081ca7d334e68a2d1a3e61d835f06,None
9aefc343edc1815aa8a5e0662f1caf93ef903584,None
c6b0133ea8eaeb1d181a9bcb72de582309f3008e,None
fc7582ae94f8e931aeb232a83dcb2014aef20a0e,None
a0be96bb482be90137eb81f77d50e0c4712aee63,None
459c683f2005d761da5219a390262c1e155a66cc,None
4e79a145a31be4dd1281bc0cd357febca2774687,None
72ead74f1fdbbf9f09ffd0e01e86877ace8617cf,None
7e7757143c1b356ea2c32d6490c409e70cbd2e5b,None
953cf28804ef15a2d68c1b1ccba4db02f3eab546,None
738861e7bf0cdd36c57901aa3e1e3bdff0e6205b,None
897c1c94c11d365da9806aa78caca36ba800d867,None
5c15504870787c6618e4926b188a89f60baddfd8,None
39773bf10431e8af9e1f099266130c9309bb3781,None
92e6ad5147d46ced336987f54ba7a0ea10f84535,None
37cb180258153bfb178390afffcb76d3d053d5b7,None
75b9f66fd84514d6a1440b0ff8cc01a632cca1e2,None
a8705b13ff3cb99e840462622c843ccae9f3fae5,None
d676835d5d5dd84f543d46fadd1c62da927c9472,None
744d9ac6901dd45b9e59c7f64842bde20c5d36d9,None
7b07ae5be2a364aceb849b8fca7b6b21cac9187c,None
42e1fb6b42cb9feb6f3e11db2e6dad69d6be5f4f,None
2c9bf110993b4f29ac45ac8da26b991da48fe99a,None
c8944f43dff98b9f5e14ae6dec7adfbe118bc0af,None
56f95314120aae44ffcd51b88ea5eb788904c0bf,None
df676150f627bf20b2f27b733853dc1573102f36,None
5d5f48816832e1128dd9c317a31ce7bee81facbc,None
684fdacc1d23fb05666cf1e4e0e4a7a516143600,None
0f15186e09a1bd4e5805fcba31e5e60e240af3a6,None
d94126853c4058ef263cd06d2943e3caab97acd6,None
45464beb4718ccdc056204443d2b3de922f5ce03,None
ddfb25ff48a4697e14c83902545bfad106e5ddb8,None
0ea30492343dc8d14a5fca4e8a51dbebbbd6cbd7,None
c43bdff3d6d9d4f6c9406a4b29931932f7d58abd,None
d070b41f77176e2d2b08c22c574343332fb0f203,None
74944d350899d06dd04b8821556523a1f8cd6962,None
478503f9f336cdf778d0bb74228d18bfe41663a4,None
713efd511c03d089072e73fa41d3fa80ab37eb01,None
0a0cdd393240829219cf8fb309af1c661223b136,None
1a82e5612e94dd6e818ff460f2aff5664a82b5c0,None
379c24983c2243c006f37003cbe1eb236920d0b1,None
01f2066845badc72f12be254f2c69de2db5f5ae2,None
61f5a6f7ee8cd908882f7ace7b411bd2eec858f9,None
a800a10a0695b8cf7736ea76841a6e3f9d454b64,None
c81da0e704e6b564d986db9ba21789bc4741997e,None
a8792728859283bea987b048ac64f6d8c719ce78,None
bb75780a487e198662da47570d2831b364012eda,None
46c67124753c3da4497b530adbd57417669765db,None
9fc9db0d64eda6427e4a39807aaf5a12ad475dd3,None
b0f53baf98dbc3c43bf8dd63165769deadc7a59d,None
4dfffa338ef7efedb185f16d1a827b1d9804046a,None
704ec31ef699c226d3149a37803df409ae0b0534,None
20328d5934d56b60360de5d5b92a6cf570a6cd2e,None
6f9326eb80e7a3ddb87c7720eb5fac5c35b89de0,None
f42d61d7c461eefad6961a6eb52330ab0131f928,None
71e8ac010e97e6b60cacea4cd80562cc90944569,None
cf6b2d653330d3b615d3c8b6bd55c3866c527441,None
546d9bc015b5f3640ee849b53e0b9ad0a2a16bd6,None
3c7e2671a780566ac52ec1f0e338856011c846f5,None
2a45785bdcdeff2934dea28f8437191db49ec3ca,None
cb3283592b2630ec0397701454104c7ec776441c,None
cd43d9c390557127b1ae450d5c14c99256340c64,None
0f83224d9a817a0f5a04b25896f473b43fc4c5ad,None
0c15b59ad469f275571ea17668ff8c03fa29f350,None
f84b94653bcfcd6296287b5fdb3fc82fb43aa237,None
d4e590d4e5de9b50594cc89189bdbb7076642fc7,None
bd2d2723c0498951d86938bb341e3235bd813708,None
f42f67e16d3df1043320e697d628f0dd59f69455,None
bfec2203596252953bd93645c7ebff1e33bd6a8e,None
ad6a2c29235d2d7331ff40dc3af6d774e85c6db2,None
4eff9fdaece2af84ee02b99507122e2ed87138e7,None
3a9086a0fb5488e228f5ae8a27bf7e9086a8145b,None
6d3db00563ebc367ef42f2e600857b1ae4696a5e,None
07e45dc49a526a458f914a61a7eaadc4e660a33a,None
7547ea6b5f7b952764ac3d9c9a9d757c52aa07c4,None
e0a505101c4180c4403961d69db399618e5eb311,None
79bdc29935522b2f952c767a5a64767182af7cbf,None
4ae7780060af035551a016ec680b9b8331a718cc,None
b802fa945947d6df982634247e53151ce0e0ea11,None
8c61aaeb750380ec59fc99f521c53505dad0b7ba,None
082b1ac0b12268f6d1d09a68a3fafe8fb342553e,None
6f91dddf0b2298e851acc3b6156328fc81badf56,None
68f8b212ba8a231e83087f1b1e6c7845885d171e,None
fb61c600d6ed357d8c7b95778d01ed5862d5df90,None
4958cbd5319d71a3bcfa2f857520a3d39232b819,None
4812763b8d6bfca086791f88c3e414e3ee932365,None
e97839e45a96f6fd720b760151db3a45ba12e56f,None
2f7fb6fc92c9034d4034429b70c6468f4ea47cc4,None
3bef46fe5eb957c311a3d988be3295620791dd03,None
6d77fe4b77584ffd5bf11f7b1904b70de38a844c,None
bdb8af12420d97fc46ff102c7e9d6eb83dab6fde,None
e4f3e66194e2c7b4a96207521de5c009ac9b6566,None
2fb45a8cdea3c2cdc5799364cd9985684e754b8f,None
6a0d5bc588c8ffd68dc5145a2184102580732d85,None
e214730df94c1f1afb2f01a7306d474c68aca8e8,None
f71afb3239f533168aea99eb53519e83f189a79e,None
0c80fa3bda00ebfc2ee1095cc8124cfe11db2f5a,None
029e7e611ca246b6aa51bb5ff99cc21e16605acf,None
59f887dec6e8ac1c9d5411c54d195dd24cc8ef8a,None
6f424420e500c56268fdc58a41ba582aa4e17f1b,None
72ac8de90a1ded0ea74075324129fb8c73369859,None
877e3c79c92cd34051f01d1236a15428fab2fae1,None
88fc2f33927398f678dd4e3a1fc55e9dc0fe8839,None
ec0d58c6a0b85d172f76cd66d232e0c84b9d360f,None
9023fdc096cb7ad85a7935c78564fe3c21ce2078,None
d637601901b4b51a20e6964677214462efd0099b,None
e45e38b24b4485a85190c92cf53b0d1c97c80fd2,None
65451ccadd0524c91fad9861d111d3ce9ac3a05f,None
1009bcb5edf03e4f8f6085da519b646b8e532141,None
e9088dcd38f40465f6ea4de326df8efde6760e6e,None
3c89f3602300b3112e5de38f7631a629a44daf77,None
fd7ee425c2f6d41330d032eb2ded263fb64ead87,None
ece2749ed4d21cd5869d4b300d831173999e6b89,None
9f146a2510cecff917a0f7465b58f2891fafc8c0,None
22456088dcf1836d398086778e13f8c8ff90de3f,None
4b76f2f107a06b960c92a1adbe545d322ef3dfbc,None
e074c15c9ff8a68ed49f2fa05c7e9f7b5d5508f5,None
bcc56bd2e342bb8153bfbf3aa2b5964c2f7fb504,None
3b0fb599ff84a5db3f866b3c6ec136539b1d9b1b,None
29a9676578e70b18a0ba008c2081a5c34e94ef09,None
b73c8d73fd9f2d90a1e15cb686a708ede60c323f,None
ee1d2fb66cffb94f72924a41236a6602fff08cbe,None
f06b49fe4caa9c3baed6f69a843aa1d6bb659934,None
37e273437ebc36cebd9da4c179ee87eca3492682,None
6d890c0fc6d62a62c87da8370349efb294f2f46f,None
950effc6c8e0097fc1ca49921308c56f0b547f96,None
4e520e9a22c2267bd50ea32fa3062acc8a1452a3,None
542d0f3a2b086d3f49c78f76b0c1a0a6246db584,None
5962663adac3ec672f59f4ed2efc8568963ffebe,None
b9555bbe7d66005858fd4569af9cc5f053b65b45,None
01691b09c42f3b968e54fdf0b842b15a309869a0,None
c5743f5ed7893bb88a01a1174d3a3ddd5e6ffaa1,None
78736d4186b4dffd1476044873b2b0bd2d7e61a6,None
9d64974f7d561beca6e6d297144f1b14efb5fd43,None
be6354d31133069cce8cab8cf27445b1fbf85b5b,None
ab1252261fce8fc5f17044b0c9426d5b2da1da30,None
ce0118a4364b3f0e7efabff0bec2c481a23c15a9,None
a64adfa2dbf4f33b53eb3ef4dd887b7dd558323c,None
87196ab4652e4568609e6fe11f409a56664422b3,None
3e1bd058d51eafced313dae76f02f6705ec6fdab,None
bcfcbe264ea5ad7eef20e6096bb8ed463e37aa4d,None
f77f6280480109e978d33c6272336af280389767,None
8f241b6d6c2f5d935ae82311fcc37e4021d3b27f,None
aa5efe250dcc2399990bf1bda29d72ce14df6a06,None
8668f1d539509eb8686bd46ef0316bf374442247,None
44ab688c06899a5d30b450da9d6a40871ec833d4,None
0fc5281eac69ab7aec5acc68d5b146eff2946258,None
129e16fe5edc8bef55c0a578cf116451ddc6e7e1,None
5120eb8a962602e01e7e627b1320fc53d72435c1,None
7d67d79c7f31f12e4c41f67cf79c9c972052f28c,None
83540c45fc68f4bd78d6b527f819eec69fffa2c5,None
a86dcac0539e9a0830a8d67d26fbd5aeea8fe940,None
f5af3cd2cb8ac50ef64940a258c1d8ace20bc19d,None
0c989b5a75d41ccfb4264bbd14c08d5be91c0fd1,None
281087913bf27e6a98ab8185336a14bd655f3bf3,None
f78a2d40e5630d7f359a431c681980b00162a4a8,None
84c9050d420b47a5fb7de51f6954410725e36c63,None
8e1bf1f3d7a114e9c88093035064f409a8009637,None
39758381ae055765a28443cc5469e57e75525171,None
a57196a5b5afc312abec0641b29833f95fc27d67,None
bdaba3200f6802784c6be6a0dfa63ba7cbce623d,None
d0df3ceb05e9da8dcbabf92564490b118ea0035b,None
3c5a2ea8d1d825678cb8ddab344faa1591e829d8,None
6f2ae864e129aed9ca34696347fe5976121d188d,None
6c48c53e2f246be9d302a762a355feb0d6621447,None
64c2a85c9dbfb871a6bd93b92133de6087856da9,None
c105ae0216dc1683e29429a35e4adcf5ba30b850,None
29edf625f416f914f80110b4e1ff8171eee1fb03,None
403a7c74457a4bd20146bbb4d5417cde1749f9cd,None
7c0b74f0c637f675a2ad1e107eac80e3d035285d,None
eed5dbd329282d0bba9d2809ba86f5b6e991a463,None
d38ec07f4731985b20f9baa9a5556452c2023562,None
687ce85edada05d0f66678705ae57921cae2860a,None
afccca0ffbb5f3184dbdb3b0829b910a5dab7543,None
ce94846503bfbfa3b96a72d0acabcec89f6a3c9b,None
1cb11b9b0a880afeff37906cc189d02c01111f45,None
6861c23b5659efa853c71bc29b076ab485420f90,None
c2213ca5bcd62775d8ba90a52ca15d3e67f419a8,None
4b04bc710919193033cb13c32e1ca852073ff430,None
957c9ab60b1829f684ab78fa6e0a9bfb54b2fbd3,None
82ef69bc535636e7bb2289609c22fb55d58733c7,None
897feac3e87e7cecae769a8e8377e552d0eaa3e2,None
a19c083798a125bc479e8b77d11d05d23a665791,None
c6544364d97994a5597cb8f2814fb9b15307a9c5,None
1b35d53a4661aa0aa95218143befd54416efc09b,None
3c92bf405ba7961c9821f65dd119f0ce34fbc134,None
324a4a482be8c3a0a203993092c9fefd2352e1a1,None
df811470f587759d6164c1056381c4ae1048289c,None
061bd5b825fd11884bad1c523c7eb0a8c4310af0,None
4288077212b0576df29967a4f166e2c83df9c409,None
49d50bbb77485c858783916b179caadca31cee40,None
61e8befd736297c232e76dc33dca917c163e0571,None
8f9d4b1d6c3578e2226fc1c5880f0003d8481c00,None
91f49ec1e7e2b86954cb6b0c29bbfb513242afca,None
af25657b2faef060dd5d0b4729469e48b8967086,None
e6c30faba23e2bd3167fdcd29888cbb3f207208a,None
1c744182db8a34e41c235e4292afcf20687b43dc,None
443c4d45f6bdf661243016805664b888372f1020,None
488b056eb500c2ff75954418792740426f4ec31f,None
866e9ec8ca621c02aad5e82bdca6cfef137ffe82,None
33baac37a61593431858798ddd072eaa54d6c533,None
b86601bf544725fbe7547ec86f036aad84a84fdc,None
85ba448d90d39d019b8e541f46df0a8322fb3dfd,None
6f3fa2fb91e27b63b71094d91e3c8313e1f6bea1,None
178b5eebec9b1bfd1bd6b206ce6657ad47b3b520,None
3942d1fc00150351720e0a1722288ec897657922,None
cdd44ee9870969e2f3cc7c73659352309d4a2bec,None
10ad618764869ebf4c48f1a0e036d1ccd724455a,None
3ae5c126199c7d2cbbaedfd1983bae27852dd05c,None
41e2daf79874a844b322345b907aadb1557ddba4,None
429181de858de04c68e5e2fe2d441b8b136adcdc,None
46050f8d98db64aac29e46cec5146fd3a76448e7,None
5e2151329e16cf08288ba9e6262455f81efac7e9,None
c2a926230929b22b43af6aa149c9d81500f7725b,None
d0d7b2a9ae1cfb29a2a355dd663473f8c5164cd3,None
f9914903d5db4d0505fffa1d0daa6d17e0782238,None
9eba4fecdddb3eb2b7e8376a3a6560479a8b13b0,None
e997895136ce5fd5f67c9ee1698e701be10c8979,None
3051de5ca2f91edac76f887e4661c24335d2d622,None
1a0a9ac324a5c3f45f5ac9f51c81f081395b5cc3,None
7fa05a774355e4e541ff03a8f2dcda27cb8c1177,None
d09ddbef22a32a53baab4bee56293c0786e59cce,None
90afce3a762eebab93a808d617209f18fba30fec,None
b7e44c9f9dbcf5fe51d9889752d9423022666bdb,None
686a0d73cf83eb5b42a71a588eebb3009b4a4a12,None
46e5ebb1b035b6d3e5a250ef2519fdce9e18e5fb,None
3e8ccdafd334e846575dfac1bbc52589efe85de0,None
36a96140958e4fb13e29a4247b9af58e7ac521f4,None
1944359df20b1c14b42454f9f40045f4bcf535f1,None
b63fd588f270298b2f3043c820fac58d01019364,None
6e108331a36aaa24d8b4857f5f1fbfe5af47dd71,None
496cbc1fc39f04c09fb0ff3373ca78e0329429a7,None
7cb21fac3064391bc48452a95b75a1931b1d71d6,None
48cec64ab94a0527df1b0e9f628a1c62a517bfa2,None
21c45e8b23b61b1dd4f207f2245d3b882d77f6a4,None
44b82aa11232f2b5279b5117e7ffe8cc89c48779,None
6282a7b39523d032e7ac36b213c1e26c0fe8cfa0,None
d4f20ded4edf2f86c1ad9a6e765f4538abf8fbb6,None
4c100fac30de8550930f4e97d22b72532d17dbb2,None
c2d7179569f626a3e1640b3b8e39f013e356dbe5,None
19501012c91c899dea79a1901dcf1c51bc9435a6,None
27a21b9a354b7b6c324e3637533e1aa9d9513b07,None
7616ea1a2f466bd45416919be81ea9826b9a7ad7,None
b4683ef461e8e032195066c7c35d54790efc9680,None
4c6437b24798217c3997db23b97b47b362fc61f8,None
07fc9f12fe037839194d989ee2f15b4c6b29aae0,None
b7c98238522dc1a43995539702a9e087c6cc5004,None
0ed1efeca507b3f7fe96615c7389c336621d34d7,None
e1d8996b1da56e4f50a76f8bd642ce664a046d28,None
00010577f4117948a8a9ba4a8432598dc5ee790a,None
110e98e97673be6e422dbf6b3c76e66fbcdbcfda,Rare
2a67aa305b86ae373b03092fdc8a29553e77fcee,Rare
33095c76340071e5dd8e2c05e02be2e7fb8bd1e5,None
61d53b47851652d5c2f7a22caf8419a45c6b0959,None
6eeb96c03d31d633ef3121cad70e4377c0da6075,Rare
726ce31bef53ddfd9b7d246d4a48236c27a3ce92,None
7c18ffd8c4722d57510b5b2fd8b0b0704f562733,None
84391befb14555c7a4cf1c007f5b46c4268ef441,None
9a62674306728cffc5dde15d6afecd0dcd7342b3,None
125215136ea20ae54aeb6699f03452de65c699f7,None
ea296f369c300c868afec7c5c7f82379ad6ec4e3,None
1036f204b9b64b3ad88460dccdce7dc2682c529f,None
34ad7086d30f861104eaf3c3cf53033c1ddb4ee5,None
a0fb4bf29bdddf9d47a409ba62d24c6bd3319a4f,None
f64c250e1b5caf72fcaf40e24adaebfd87e3143e,None
00374176c1835430610cee861bcd5e41a69a1db6,None
d457a54d36e2acd5cea682a47c5a3ac00fc3b836,None
429c4e8e16bd45abf99d29177f1aec5c5759643c,None
df03849e7db00aaeddea5cb8ecf0940ed39799be,None
05aeec6e8888434b5a7789510b22dbfe66deb207,None
37ef54d871e24f3beb04c7e4538ce9ae7f8559de,None
3c540a28eae1628bff6feb5bf65cc0dc0a4d691a,Rare
5c203ed4bff45f44da715d4006af8a50d9b832df,None
60cc3220804f88376eceebaeae11820a28e12461,None
b2dd461a6ff962c234800bc3ed1f86c7a6cb8ab3,None
c36426d3513955b5c5417d281a6c8c1e654b7245,None
25be3f29bc64129b1ab4416b6c26ce4c4c1fa9f7,None
baaf69a02284ae4518978098530b3205268cb993,None
e4ec455af7cfaea75e4bb85ef21f21a1a8b42209,None
56a6c4d9ed7c0f2550a3661d6c379e2ff5a86939,None
01d19ce141430bfcfa630ba59e521f139abd05c6,None
58be19154df4f13f241ec1b0484a51d224191084,None
951cbf615b3bdcb39932c4572098dc9fe54f9115,None
c47e32ca17b51d13924b8bca2d37d4f7aeddbf5a,None
f4b0789a9a968fb7dc12b9cda614425ea60a1385,None
8021b9d5fa53b23546bd2614e5caf8db290368ba,None
437dcb257c3ddde22c809b4c30a6485d8a8dfc25,None
936815d92696d6dfdd47e5499799a04962aba4e2,None
22c8d08ac5efe3a9f1969bf2b853e2b248ea5466,Rare
601fef8e068f13f732a575436aa1229f9525c6f6,Rare
c99c8a7661990f75bfc92ad13c652670e9fe48ff,None
e094a6344498048ad99ac49b067f73c9994e75a5,None
cccc87188be48cf2e77ce8d7c8eb29e5280b62f8,None
287501ad29f96a9cf61b66171c356d06bd22f143,None
d4feaeb195efa26d2b5deaef414a4436b54a964e,Rare
accfd4aea61445c0c979f918a746779807432932,None
c375785ba6562480fbda9c7f80a83981283a3ea0,None
06b42d5ecc6052d77908c2e2512fb96097cbe5f0,None
3bdfff593cf9fee2cc942213c9f44fa6c7d45719,None
4feac8916f963cd08b107a57c5ee5ef029c52893,None
5b5d971793cfe2eb06e738a895a615106c92290e,Rare
7746155d3f782f26d2836213b79bbd528a55a511,None
84e98dda57f1a66329a142b24e03b5598ece41fa,None
98f32075171810feda6094f2f533024d2ef637cd,None
fc0eb0f65d5bff247b66bd316ea91869a4595922,None
b9524a3c8c0a30d785a52aac29141d629daeafd2,None
a1e830e491ae554a82f3973a16b4c13c63d8a863,None
b0ced226c8fd1edf14954a3cfcbd1de4d608e529,None
aca0cb124fa90b08009c0634febf602a306629b0,None
0005c3924339e42e30eae2f36335f0d146d954a2,Rare
0cb51ae34e693c6cc806b3b46fd149112ae4d156,None
3bfe4bdb61edb63806de7b390d753edf34b15c4e,None
f8b052c717c7e99c12f8fced5406c1635c0a318e,None
13f0e508c3a7c0765dfbbc8048a167c8db102c20,None
3a56cd662babff060ed518ccb020be7ba753c8d3,Rare
ffea75dfdd653adef0dc03e7334ea55165fe4c4e,None
2063ae23d194311a591b6d300739e293f198bd44,None
01718a54882a2a5d83cc43e499056b7dcf90496f,None
27056c99f297def8a0fb528bb7b175ee06b7b0af,None
7baa8ef55c7a6ad608d5f619dde3cd783b0e835b,None
df48c4e8d2f7e8b6b6dd2f5af1675ce0b4c4c044,Rare
727a9fb4b3f425cbcb9d48b1c3b493ba8ce62120,None
d21f28ce2344c7dd4f783f9a08493a543d02db6c,None
76ddd62f04d813c3fb425a56a4c151e31965268a,None
8ccad1e19f20f7407a8a44f62e5665d2c8392ae6,None
9ed121389b44c1a37b1f774408e36296462da0ee,None
e7cf1948f244fbad3544cb74f7e63208b86aa9f6,None
3c370d8a0afba1feaadfc20391fbfb34b91abde3,Rare
8b63ef8102d0e720fbce0bf9238fb1bf0a8fbcaa,Rare
b32a1b5ff33de5e49b7f985f1a745531952000c6,None
6f39fe9900032a2a9dcda04fdcd72149f813969e,Rare
71dc7117b7857fb917e556f0296141da3cceb189,Rare
e19af75d5b02378031027b6fc9fb376000045f83,Rare
3ed41c4a1dd106571de7ff4d9b75355d547ce5c2,Rare
fd6963bfce5525a52cf4633fd41a557d67b5ab0b,None
8748fdb8a8d32ec77643d67ac6319420799a6626,None
8f1572dd5d96c75483acf60105a05cb65607bbb0,None
192b1f213e11700f608064b9d3aa374ac8ca0144,None
6ac620b41af138b90274c52b58afd87f71aa3d17,None
59fc1b62b0d165bc2becae0f20cf37578c580b15,None
cf4ab4bcfda3356ca6972022823842e117a3ad3c,None
0672045c95c42e7aa2c64f022117fd78f40f898a,Rare
ec013f73040c7f84f6c267a73448290d81a5cf76,None
009cbda02585d1b8d3b3bd3b025fbcb7862aae53,None
bff3d84251d365627797e34173f82aa849cf2854,None
dad4be5771498361c3d38b4ed13254c3f5580da8,Rare
37535779b0ea285f0065d3d6f325a24240cbd3a3,Rare
37aa80aed40094c9b161ffbd9a350b0e15441a21,None
3ac6103c3411412619db86ea2ed581da25836885,None
41b75cd0f10538ad9e20b5f143efa4486910728d,None
599951ed587769f0508ec4fbdf17a34c813e4117,None
bf48ace1efa8e04b1543a72627cc282c8d229851,None
3e80e8dd394fa390238806e193ac3e290ab39a77,Rare
60507018318913784c5da31ef8c799c8e31dcd90,None
66fe7cc60de6a343ac372ebe2517516a6eaa3965,None
856abc698c02bbf982301512c3ebb5604e5376d6,Rare
220c3cd445aabaa6dcc7224b40239bd2387bff26,Rare
26959f3c807fc244501d47fa2d3e56790ea05cab,None
df070844128c4c16a4548525b5cc2bb0ec87db23,Rare
34df7ab0632cfc8a13b689c59045992d204218d9,Rare
c322b5e743694fe56760b97ea9a829eb05d1ba16,Rare
75c5e5be4d662e09741a644cd9db83eac4459aba,None
97ec127880624cc0943c71eb42eddc4e2d963297,None
8e6ac1898b5252a9cb5dae370e8b480cfb97e82f,Rare
6b9074bcba49a470223467f74e38fd374fca21b5,Rare
fef6fbe565c3efa1d480a84b6fd41fca63d3f881,None
df06afc1114a7395a1a316cfda4897227d96bfc1,None
f9455fbc3a178df6a421feb03dcd44e5feceec61,None
4fbf16863c8a8df7d02aa21f8e2e41f8a2b1f22f,None
8cb018863b956727fa55ed97e41f81ece7a14396,None
59bdebb481ba41eaa82ed1ce347740f158ba97dd,None
44386a2ed523ac86cd269d8f007aac52644c8df8,Rare
70fc513ea0fb6d19a76fe95e1f839421453a4126,Rare
4e21040b626a9fd205bbc4556fdc02aab4e4c47e,None
8125b602aa453545b58fbe63c00ccf7f91a83de6,None
44d832f46eaf2a2c96213ea27fcebf6615c9c4be,Rare
1982e8f6a86cd85ae3f386b6f6a0c0ca6efa2b4b,None
2f83851f1cd89f9b8aa702a5c2a2dd6001d4adac,Rare
4f5cdbd77c7f6e0679b29895866550c4ac9440c1,Rare
101b2b25a855d1843e7eda0a6ae301fda93f0747,Rare
219ded9d3df5c02866f1d448b9973fc7bb2a9db4,Rare
851ac61d7b99190034742dfeb9c17bb4d4f2c28c,None
8225d63c1e78d909c2947c5aba530403992d9567,None
95e84265087c47d8460c1a3d4a125a1d62b60d8e,None
bd3db7b03eb69d359e43fe9fceaf266d47645b19,None
c6d3a80418af7365048f76f9c273b54ad9e5d15e,None
d03892f867fd10c480029f4c286b9a55108f4265,Rare
0e52afab1d6a87b0c01a740162d6d4e7a0d0d234,None
3aacecbe2614a9c75f811457c8d6137e9e543fe7,None
ef0fd6a4adca5b51c930c828b3de20d44064babf,None
397c7d2514c2dfe1af2333e7b365644edf0d83fb,None
7dc9aae7d380f94389f447c70afd761204c74e4a,None
3b793617220ca95ec25464cc66bca55a20581a1c,None
13659972a4efdcb482fb432541bf08ab21fb5831,Rare
194fa784447ac1dda4d43b323db4ec3fcea058af,Rare
af677ebc9c50d928ddeeef0e625700249c1e38c1,Rare
b0a4071a31fe4c0d37e0764a0bed6a41c0294c7d,None
28a88a8c24762f3ac92adbfd3b102db033e767cb,Rare
ac042d9e0aca6d48d793989e614bdf7506baa6ae,None
62a6d2f9daa2f17a6e0a55f9822cc84c5c23bb35,None
79c68810721cf788c2907a8e61b2066ce9e02fc8,Rare
ff344fd9113c83f4b3a8068567952cc2be47bb3e,Rare
189569ffebed827a541a9bee0245f657cb0a7ad1,Rare
894bdd2827d877010a985ddc57e145c574bd8e52,Rare
8cdd38568b77c2e4e1ae57c583ddbca9cfc5734c,None
17f9099af7f4c6523c9271e3e15c47657c57c1d2,None
c596446460e89ba17071b1fccb3d2e2ba8b17b3c,None
ce2caf5de2b1c7bb92e95e51df1882edb10b4517,Rare
99bd90184c4fe9f67a0bce4f81ffbb28a48ae424,Rare
4cdb65adfa30ef9880ee7534081a22da4a44ffac,None
f89d76ac7b03d19174d848e0d977778c61242eec,Rare
0c4547827ddd2186efe05293d7f1efd38b918126,Rare
9254d719f877e05ef36841bed2f6736d36e5885d,Rare
06b7d35ea2ec9f3c05a875d17afd54ec8068b9c6,Rare
1269ecca2c579eed18d8f59cbf56ed5d4204a332,Rare
5ead4b85bd2989894f3afa2d1c43fbc5f6f84804,Rare
f4e4f3cf6ddd9f95cf963aa4721098a47b2ac35c,Rare
f27854b1963c47d2ba2e2a32cf1e8e4ffefaec74,None
2bd7574c4e48c6731765d3aebb13cedf02527e70,Rare
16c73d85c8e8e29cd9d9ee3f2022e6373cad9658,Rare
ac9430fa25c13898b1421309285bae61a9c5a118,Rare
ec77bf5421be4edaa9cd272e9e54a5db6c39cca7,Rare
f2907c021dd85897833e9ed829e150db1f329241,Rare
5712a8db5037a8e980210c55e1d787be590430e0,Rare
2353bd13a746cc59a739f29b22679e2ca5c8b39d,Rare
505bd40f2fa0fce1926dc5b61bbfb6945f1b39ea,None
690ac0a4fb48d18add74c40891355dc69815e584,None
90d1081b9674fa990aa77a7ad91c8c3a11fcf4ca,Rare
66b9e9ee0839aa3b54ba5a7b53285ad2f51f9795,Rare
bb451237a890a1905a4971f0941840e231775d5a,Rare
386721679e31110d26fd9c2e20629bb3859c4d28,None
b7b9c85a560bcb934a940ae9990d451ecd124ec0,Rare
3519933bcedf48f9273463f20cb107e142cd7612,Rare
01b81c3a2d4c0f290e1a6595112df4e6dac9e6b6,None
2aa54bf3696b9d8057b8d27e8b0828541bc24848,Rare
74a7f68f825854c13ccaccff717605ab07b05077,Rare
be9b95e5803f95f5d68f00e341d04fa99eb568b7,Rare
c384e271065c044d2b351df4743ca3308187c83c,Rare
ff9ee021557cb85102b713f6e964030de9b7fe98,Rare
09cf65932a0918171c8acd18623aecd99ef58cce,None
4043ac66028d262029cb8ecdf6afec1804b42a41,Rare
f1c9fc8473e9cdadd185780fc1667805221e1cc0,None
0136e555e8fd3340f13a2cd91fa8e85ecb038825,Rare
26dd8951c40ef1e9017bc89e2a699496c162556e,Rare
477486b951e21a41d9c6525ae1b298e153fdb255,Rare
77691f907ec29fcfb68b8d9bf65745ad5f28ba18,None
a988e0c9632f7fd3b977e56cdca915ee2a3f3b74,Rare
b43f3b4b6764cc46a9aa8b774039b6fa317ea448,Rare
d335f1709f854966caf114898d90a567c23979c9,Rare
14710a81f8c3102632f0099c1e5f89d46d8052b8,Rare
38cccf3d72e42249c264c257fd42aa66d1dd5da9,Rare
5d5eff6bda5f734043eb9f03fcbee555c3ad99f7,Rare
083aff111868134a2fe297f20b135e6798168845,None
2ed0d36b8dbc5778afa4e02292aef990e1249706,None
321f65d4e1353d2c5cc0c7069d3494c08035b5d1,None
f0be5f5a241a9e70f76ada9237c2222ba8e9bcbe,Rare
0907f15b8d4030406c06f74718916c0d4f2d91c2,Rare
170a3438827fc885cb23acedd7b2cdd1002723fd,Rare
30cbd8c0ada3ed21ab47755d492046921c11a2ea,Rare
91b1feff655de4b3fd1a0848c3277bd547f17294,Rare
93e257462fdcad0608716c317ff0f9a5ee84ceba,Rare
9b2fa9b6ea68b8d75f6acaa70852d5a0cfe67659,Rare
d05e91b90c0a2b2ca22d3cc4fa4aa6f3fb5fe566,Rare
f799d779c3728ce999b17143f00f04efca3290c2,None
0b807b20bea03ba77256fb675ade971919bd83a8,Rare
9d9d430f92578afe51f4a40675ee7f2ac10e4a8c,Rare
a5611eb7441dfd493b123b45763fd9c1a5fe8c22,Rare
b19ed3aebad8cc53e00a40db5f9ec9c9df17c6c5,Rare
d3a3af88f56e78615c7ab38525f82f170e6c7905,Rare
00a1a8b4da4dc5f8798a2b5e43622c0c4e23af4e,Rare
0467a296236fb7c3f1743760dfcfe136398d9889,Rare
069d01a6f8cf0c88055c434e95c29297b8154be8,Rare
162f11a9137c28776817ae63098388354b39d4e6,Rare
1e4fb6a3a450204542db9d24e1c7620b55fd192e,None
886cc90f957cff7005a6e704543e59b48f4cbce7,Rare
113b3be28745709f5bc3c878d68f93d02b79d987,Rare
72910fcc298fbfd5d2c3dc566da9a9f16c35c330,Rare
779f8ae432543641ae4a89d8dd227e1a1278eb28,Rare
1bada1232f79b5327d2d8a15227c239a0182d79b,Rare
2f116e6c23ada48ff58c12a83edd8d9173397876,Rare
8d21cde231fef938a9d5a5ed28b2fb97b829478a,None
366bde8acf6e664e1b22c6680cbdf813d727b193,Rare
88b17c17083536221ce8d1dce2e02edb91735b0d,Rare
b0fc6374d5b567145b045ee93d687a5118d3f6ff,Rare
d74a279064afde65603fefed53b0798632c1e3e3,Rare
4e7a6dbf7401b262085779c84baff0b003eadf1e,Rare
f0399b3c238ac85516f887535ddd72522c3edaf6,Rare
19b39b846e81bb85b3c7b04f806c7ef725fc021b,Rare
9350ff5dc0641e6ac26256c1040ad5523c52cc60,None
ef16bf093c63856743468b836aa94fea0484a94f,Rare
318db2481352c26119da29285d4381e7692abf14,Rare
8f93968a5cb6f7b813a881a824d2f4bac51b97dc,Rare
1a2eabd0cce9e7935081e56956eb37640a042b34,Rare
3e1403a38117c6876dd6bc88f1659113b07f48f9,Rare
631fe0ad055911f8f9a2e8416e3fc3897caccc71,Rare
64a4daf8b48563a4521423055412ad06ac4d0138,Rare
2febcf71e14ed652374aa80eadfa20aa3e85372e,Rare
327f56d7cb65f1a433a647a6d81870d0f2871c8b,None
65c3ef73db5f5ed1d0b6bdf253a43276e52b7fb2,Rare
e81ead773823fbb106fcb50a1a709dc350a269fe,Rare
165e5c7ad66cee855d136582a91a1ae983fa69dc,Rare
7ecdd06299620d83f539725dd5a93946d1224f11,Rare
a1655fb866e8cbf75ea7060827266cc4c710e85e,None
df3670edbef87f61bc7e0109d0ae5aaf9536aa68,Rare
70867699a71ccd4964f7439d7ef1b93d1e4f56b3,Rare
7c3212cca1020496561b02e28a5c11148f7a4551,Rare
b373b7f81b244a82e5879f51cdef3df7cd4c5eea,Rare
e7207612e9e9604054c5f80468949c0f49c4a578,Rare
691ad62aac3f008540203455e43340b2a38a1b3f,Rare
03e4576a861d163f8abea3788e5c2cdc0b5b3b97,Rare
2d66ae7a163df97ce53b96abbea19d49d84436cd,Rare
5a9dfcf9551ee1f5090c8ff4225c1ff2c111cafb,Rare
9f30eb6a352d43c6ae8d6edd82d4cdb692be4298,Rare
bf99285b57382e3d7829799925c66e5e3efb0870,Rare
d2cea84c03f9f89ab6d929b6115081b473e109b9,Rare
eb90c2aa4d0b262e0239ad78e1b38982eccf3128,Rare
01468ee0d4b93e528a7ed064b209f7bd13ace527,Rare
5c6079b7da16b10c0308a05ddac933f1a0dcfdea,None
1aa44da57b24e01a4da00fe419c07bf0840b7a1c,Rare
1e877b29a2e2e21765b4542dfb54f08c4a5265f0,Rare
558996fb467ebc02f43e43603faa49230407b22c,Rare
bb1f4e37b9665e098f34d1725a8e2ec4fd8aedcb,Rare
e158ca95b6788705c627b5490c5d4026e1ac8993,Rare
6a3c92c7a7d2c4a84040a66cde57ce31ccb508e1,Rare
0375c33e5c25519d0de5b125bb5faa4ddad8f8d6,Rare
2c00134b4240625333c986eebfb229edcc541784,Rare
ec7b4bf38a096219f713f06e2d2b34eacc43246b,Rare
763577527fbab1e0f6b2dd836fbb18fa50375089,Rare
4541ba284b5e808f9dbe0940fa12b8ec96f5cfc2,Rare
0d701db4f7757e216e636f0397047d067d20432d,None
5ddcb6cf88d05d4a7e7f3fee810de783b070300a,Rare
71df1dba785f1cd5ef885a7fa8688c5dfa6674d9,Rare
2717ea79ae86cfe67da5330affea3af7bb3bc42a,Rare
5198fd443ae851e1e6955d13b34db0b408542efc,Rare
99fb69c1b8dbb404b74da2589f49dcc53c2dfc5e,Rare
6459064ed6fafee9af85154e6d338a61ca48f0b4,Rare
85661c7870c2586f9ccf9de9d523eed530315fb1,Rare
434c78707a55e9f4795cdf02601d476238abe4c6,Rare
7c8899af9570e773990386db772d1d7da629fd40,Rare
9d6f823d7c0fde0e51f0f4c2eaa680e1affd3247,Rare
b8858ab10d7ee5f639f6ebe6e6e454ed26bc5714,Rare
e8baac7cbc78f1a556b5bc15032844faf707e43e,Rare
07b63a9e109a1569eda43b5f4c0745ae2d2b4ce6,Rare
2651031e5724e1ee4bb369e3d49544fdb0af1deb,Rare
2e1245030cb2ee1828dcfdf4fb03f3f3e509ca9a,Rare
af94d3fa17eca1834d2b433782ff42287802a98c,None
0fca4007a9f4f496164c93c6d1d9cef4c6fc732a,Rare
09a3bef8aa0a6b2243ff4ffc3ed45924d45a113c,Rare
3c3f596f7c3c86427af885a32b9280419a545bf9,Rare
3e869a2e1a45385e9605a720ccefbb6a57299c9a,Rare
8f69e2f091a39236d79c8411234bd3c03106c758,Rare
694899287e74594d139f477a1a71b767fcca902a,Rare
dda00d88fb6e1d9effccf72bb199144b1cd8f82a,Rare
f4c7ba8740314faddf8fff6828ee11cd075de29d,Rare
94fb4e245aea0e233a64825085bcfdebf1d26ad8,Rare
2dddb49af6d02319452db43ab79cc4eb66599352,Rare
5a8a5a2b10af412cbf073df8f511ba45e7116772,Rare
0358fe2fb1314a1276a6e3b939a9364fcad206d6,Rare
17e05c8501c7c14ad5f3817afe6fd35dc34919bc,Rare
297f24e236f45e9bb981cac52339cf9d59dcea33,Rare
41adc3d6fb25e65d813056175c3d696290b36f53,Rare
7ec15df40ee3628481271f987cd01d5d1c8f6a0a,Rare
e1f9ad49cf579a177e719022364130fcd6b9d4e1,Rare
0366b661cfa4cac7f8d8400c21db59c637e02231,Rare
375a8a5acc468f3517e8700ae4b4274ac8219235,Rare
3d420f32abea6a52687024f4bcfc6b8e9c2d2d67,Rare
76d404e281a38e050c81d649e613d65ed8399b67,Rare
8c4746dfafe52dae25c33feadd7587f89f99322a,Rare
a10034896222a0ba8b5b577378fed90894b89150,Rare
e21cccebb82e7ba3de08a57ff1e5ff5321bbebba,Rare
176d17968724d5b0188847a79adf5d90a5fa7a26,Rare
306f6025431129bd286c2185df56583e244b2bde,None
470eb711bba1b62c1925421ef63ba8df4e2640f9,Rare
bb3768bc1884c0e49ac37908aff9e013af47f68c,Rare
32c9ea929aed655bfbad3b46c97a46315a10b914,Rare
3a2b65de9a5e7619c83e5b7e089b66f09176a8ee,Rare
ad5f4b8ece0bda44a8fce52fd947d256f5a47f30,Rare
10ccb6fcf4b25d4d72a064851e896849c377c9ec,Rare
175d03e3fc9831e6b2b37c42204a6268ea715ad4,Rare
22fe1912d7d0e9a035d5134a741700c46d571506,Rare
458a2525690204cfac5719baa34f6e2c967265e1,Rare
4baae2d3f7005867f043c40032960308e2645965,Rare
72b12f72b18c21364fd9ec0751bece2e64d63da3,Rare
903c73d307eae0470455109303a446c761bce139,Rare
9dda59cee311db591352be53afb8a06357cbe773,Rare
b3d50d83c162f8d6fc9fc70db1b477d7a1f6b3dc,Rare
c8e227474ecb713da5c31ef00b07924f515f33bd,Rare
cd21e92f03814c0f445a18c4b261c21278818478,Rare
ee7f188548cacdc1f4537b6deb96fb3e4ad0e820,Rare
eeca154f6b97b38ea8de59a07a1216b9bd632a66,Rare
790a2b648fd5b56716d8a63fe114719d76a1b875,Rare
8f9edd141e9a7c952e554c86a97109b54b4851e1,Rare
5f8825b26dc263809a10a47312b90936fdb2fd3d,Rare
0e063ec8bef391086a2465d7c860e11370cf6ace,Rare
5ca9d9c9ba9aa54d2c59b788cdcc2464e2a1c16b,Rare
67fab3de8f6858d5378d2cd003508f38565b3e17,Rare
719bc11952a0491837413303ed6ae587e1152a95,Rare
9ba5a52a84f5054b4d48d4a40e5e4c677a3ae827,Rare
a52365db082dd0fecdd29859c3f4f797f0b42904,Rare
06451b90c9632781f1d02f135b3944ed1970f1af,Rare
2a1349b22881d9802085a4394c16db5fcd7f55ea,Rare
921a19aa21ab56e97b3759d1b007f8a3feec6292,Rare
b08ddd95446417327fbf630cdb3bcb6b0043daa2,Rare
bf32c5ed8e754892f63ce4ed01796985f886765f,Rare
b0c7ac04a62b3eccebea3ecb5eb0bcc12392ee39,Rare
e82616f194f3a5a5bf3f5123c839a0332cf78634,Rare
228884ac2e0cc47948b283df48b413627d4d8a2d,Rare
2c9fb3b6dad090975d16f152d9a3f823acf0d5af,Rare
6cd72fceff69a979b3ddaa873111f47f93951ed1,Rare
851aecc3a36bdb27140f4711fa54a2f870f8e44b,Rare
8879472cb4ceef4dd13ad059597d615b6f88e779,Rare
8ac120359f0164a4f29de5ac5425705d0d7348ec,Rare
b1bd191681a3e3decf066539e05990fbf7617874,Rare
d1883a81653deb4519b7094749534cf553fac3fc,Rare
d387bdcee78f233d1b329fdbcc2dafbcf05c3b65,Rare
df24ff124bf6ef9c27922bf693c3493bcc15f746,Rare
5db468532eec41b12a515120a2e111d72592344d,Rare
797f1a85e9f7bb25e0cc80862ded73da4f4f7e0b,Rare
050dce80a254f7ede1ab264383f923341fe46f7d,Rare
2862bf3fee0dc8e34d2020eab890fe7ebc09f10e,Rare
5a58c08a98dd65793f96d46792e468a7952990af,Rare
6f0ed215571d7ba6e80b9699cc559d3a5695c679,Rare
80751f88814bcf4a9e64a6b35d500df35386302d,Rare
9184866c677b52b884e69bec03b79eea98cade52,Rare
96a27f7db4c1cdded93fb235f1d9666f4cac8a92,Rare
a6ea19e2a8caa416d39eb1046de96cda4958f147,Rare
b7106b5d2366701f2dfdc460bfa1a191ab3ac2c6,Rare
df4f99167541a01adcdac4109c9595e0c921403b,Rare
31602864a6c214c3f3bf37e7ef24fb70c44f31ad,Rare
3ebf8261fc122b72d4abbed87c943c2e8364b21b,Rare
6c21e080bf0d8ae7f96dc16683a152d57281ffad,Rare
7bc4f598ab287a825e9f04e85b491bf8ade5863d,Rare
a9bcc30cbd40dd766b1ad764dce5a2f4f8e02218,Rare
0cae950d432abb77a0dd610924e8b2a8acd5d866,Rare
210a69ccd1759d8159582a18b5948ce2871e0afb,Rare
8c6fff12055b7a5c98dbe3cd6407bae84d1f77ff,Rare
9057943fdce116f215ed055d9d41f5e6c6810abd,Rare
d746950a1698aaadc2f3e4671ba4340b3672a73c,Rare
e372c8c09375500aa7f32a08890c686ef4f16041,Rare
69a5c1eb5d08753baa319fdc245fb990a68da83c,Rare
ea55166fef78397c53808a9876dc8d42f29b7b7e,Rare
2d8ab467b9035b4f5f71612f84f59944db5772d8,Rare
55bdb503eefdf3c10f2e1cce82ef7a4506e9c766,Rare
f7f59665e52d440de17c44713a482f61b21bbb49,Rare
02fe3315e23a66c232256fc0d016c6d92d8fb9fe,Rare
07c1a57122d7a93e7a77a0a5c5b5fb132c167389,Rare
11dca95de07366b64f755146a3ac9c705910cf78,Rare
3c21a18bedc0dbcf022f8344f9eb519b20cba768,Rare
4a420a5ca4956c185eb7409c9633c44c535d9f9f,Rare
4fb8fd2bab55a7b34835a86f8fded03f9a304c42,Rare
9ce4d8ccabf0c8f4d0c1d292449802d3c723f06b,Rare
bd5222e2823d78d90ff64680db3713e1abec1a28,Rare
c5f2fb08389e437ad2564a5c25fa53092bbfbe32,Rare
d0eecda28a828170a64c5d98425a1a49f815e200,Rare
1544138179a4a20b11806de4801ec3ca4d5dd14c,Rare
3afc4cdbc55f570ff75af32a35271be21d8f0ba2,Rare
ea9c0936aceb12e4d456a931afc11e5692d1c458,Rare
8502a3316647e99eaae1b79b89000063f69f9531,Rare
d34649ab9e5d6029202532ee45a8e44a5e3bdcdd,Rare
dc67d4134cac3c5f0a453b56289307772de35e80,Rare
02f77070321adcf4e358ca641ba0d526d47d99ff,Rare
048d99cd4e0078ad7a43590a0e73b7b1f8d51be4,Rare
18262e29868a2229460c1d077f4181c808ae9af9,Rare
191529aa97b62c3e4133514d39ecdf69a7239ed1,Rare
1e24534d83939c2732e4d66e6977aa290c660b40,Rare
2dd445a1bf5694fb8c11295317f6716017d9831e,Rare
36d7b350b83e27664c512179f19e213859bb4a0b,Rare
3dd423b3dd7fe5e17faf68956554f639787ddea1,Rare
4e7f59867daa4225b9026376fd1f19e3e873e100,Rare
5798b1bcfb240c07af1fe764a07a0008a80eeb1d,Rare
610596ba78de9a96685e1a3d1a338d1e84fdb116,Rare
6287a4f8ad40316f92f95597b2fe6476c210eb9a,Rare
64c2b8e0eed1fe556e323babc7fe01604a63bd70,Rare
77ccd0b841bb0c4b3ae93212a157f3d7140a1ab4,Rare
81533edd880e69395617094ffb6d2d8c60431037,Rare
82e96acb19e8cbe896be148d90dbeb441a850759,Rare
99459275770f96c0afa72437524f99f671a82b63,Rare
a0d9d8232254495c23430649a97b2658aba88c8c,Rare
a9800856fcc66020e03879f1e625acca7ad7d725,Rare
b60dc03ef8a09aef94e38fee3c5cdc53aa7ac881,Rare
b8d240f1e80049bc8e0c444712c2c3a15aa3248f,Rare
bf128ec4cbcfe93adee193d5a75a4fe8e19c1b42,Rare
da7d5c239f59c6e356a5d081cc9b987cce6b43f5,Rare
e98165f3209a0861400e69f877bca28cdfe30cde,Rare
ee0be5b7939742cdcff62b7358533134f90b6663,Rare
fa8a4b9d1c7c2e21a8268ff5f42a75b18cd337e1,Rare
223c12868bbc2962094d0d7b080a4864eccf6a79,Rare
c0f99cfe11aedeed238e3ab00ff3088c1073884b,Rare
15676b55e40da204df86eb87a27aa192b085b9fd,Rare
01189944af075b4f7d45b4c55fdbf23dc5b06941,Rare
23db9143b14634a12268387bf6e87afb17e78371,Rare
2d01521ce7476049abe7dcedd69330d31f020e80,Rare
428a47c8d439e21460f81dec5554d27fa19543cf,Rare
94a3183225adc61691fcd1e394a981a1fa4a260c,Rare
c03749f8d6e5441a3e9750bd1f8cc644d4ddbce9,Rare
c909b8d05fc2b13a62226f86e33e1e41ce1b9396,Rare
d06f8d8e3e892910e2605ed107d6851bf1d1ce96,Rare
f82d85e3e6d400dc16756c91fe6582d2793429f0,Rare
225496a98fe781bfdcbcdf8f70df431794fd203b,Rare
f7e9f19f192412b2cbb72b24b1862ccb17951bd2,Rare
908d5f81b0e9731f451ec23b08ffe4dfbab16a45,Rare
0bb51f8fb3e06501c148aca6a0f823e0528835a8,Rare
2b92a2ec9fdc9a3c198d2a540b13ffe119080f96,Rare
46257edc4940124a494ab9334e22032db994d3db,Rare
75e04d06316a7097c7556a1ce5291cc7c5ecfe9a,Rare
7bc8db436d66d903ec00836ea046d34f4bace3d8,Rare
7cd5762811961fe2710062a7151feb4d80a99d2d,Rare
7f0cd663351aad60054a159c8d9cf07cc1a6580f,Rare
b1be940e15f9e4712d1fd5e8ddadc45b520a025f,Rare
5ed7b16d7cc4730d702a0161aaf092b3d253be7b,Rare
e2bba6251137bf48a94357f615327978233b5286,Rare
e97bc5b53cecc9091b677e4e209f714c1852e7c8,Rare
77ea6b67e891d84173581702be0723a348e93407,Rare
9e9de148e3b691adfdcae2f91f9e3b99284cefe7,Rare
a5ffc938850f57c85e9c3cc653805aaa7671826e,Rare
afffbcb9dae48c6a0f42cd1d8a87a8f270b910da,Rare
d4e579d70407a4f3aae0e1bed3c0d9f03c0c0f0f,Rare
0268ca2f9ec69ee6f60a722aed4adcd5c5a64efe,Rare
193c6177ac8e7df91bb93f71f90ab2c0a24e069f,Rare
246660619a6d0fa734679967f640fa92c458fa0b,Rare
3950d272b5c7923380cfc6fd20dba1e8a956a635,Rare
3a2068d410ea301ffaf34b0acc70f4ea9f06c54e,Rare
3f04bfb3e873eaffea7d6bfb547d865f96888493,Rare
4b165eeba3034eee4fd3e68e7fc7ac718a81a2d8,Rare
63b01302bab92ffea4cbab60bbd2383be70d0ae8,Rare
686185d923dee629b69d22ab40443738545db6db,Rare
6ce8f9adb8f5fce7c1c5af3d708c8288f6bd0e65,Rare
768455203af246fece7084d924308b3d866c8ecd,Rare
8e367fde25270855d0758759c216562c82626b5c,Rare
95c2d2bcfff2db6c1ac7f2c65398510884c9d84c,Rare
98dd537ac1d53f59e3d1b3d0017aa9d08bf32cdc,Rare
05e7c33c46c4f0da8c2f13a3b4d60cb7f6f5dc11,Rare
46b05f62cedfd53b0d9a38d8037cef717a38ce6d,Rare
8be423af19af87699ee3a72712761d8647b95ee2,Rare
c1e2b84bd75eeee88135fa9b80a61f4b328c2bb5,Rare
ec43508782f3d845fccaed903882ef44e239adc7,Rare
0b74d48fb3c322d0cd6c65db6c21413d1e05453e,Rare
120aa4a07aa97d802e00fe3ce327394d1e781fea,Rare
464ab40522dd6305b46fc64fb05e4a7ba45cc385,Rare
949a82348919cee541d61fd8cc9665cfd02a821b,Rare
ae58eca61b4be54c902c3caa64158a195081b1a0,Rare
36c3816076670320be2c4fc48553b0bdced064be,Rare
4d9d67769ac381fbe4c22d9581f70a359384defd,Rare
ca8ee9ccb392fcf79e3f6242d7d2c83f8130e293,Rare
e1816febf4c172dff75b2bc34528baa9c226d964,Rare
e54b5f71368b539e9eae3b721b1858cae3a4b3f3,Rare
7816cde803e0b790ab6f89a2dbcc5d009446c558,Rare
f57d50c23612ca7276f2d03b68a120e1a675daae,Rare
9c10d7a17fa5ad543dfcee11bb9cab09d9e2b732,Rare
9b3fd47dc0a0be8fefd868efd88274a7e38281db,Rare
a3acb3b63b21067df2bf3371ef6e910d77beb8e9,Rare
a561069e9468cafb71bf7b37f7d918f2a15e2a6e,Rare
a646d02fe3b597d2782138fb5d684cc3df5d6586,Rare
a651e40bcdbde453769ed9c8d9e9b9a4617b1411,Rare
f1f5f0f62478300dd3043a48767213a9462c6af5,Rare
09bb233f090c1f38ebd476a207a1b533afc13a0e,Rare
179aff04c6d54f6dbd78709266722245b85f611c,Rare
2f1d8802a06f3929a6343677708bf6bdd6ec8bc0,Rare
51b14e38187043739ba53bad1165d4780161a9ff,Rare
77fa2a409aaacd75b875840b23ccc048130c9d8f,Rare
858ec0042eafcb9f4324576c8e635da39ad6fa5a,Rare
9b1b62e2d92b5b578f63b6f1932ea9e36f193146,Rare
9cf6ddb2d24b3ff796033996eb9039fbe72a50e0,Rare
e3334063ba93032ef6502591bd226f09ca5a8d87,Rare
39b2c92e062ad4e46226b5a8916be85a1bf6e044,Rare
e5c57f7ae60e0baf6c3f0ce2bd0890866a4c75d2,Rare
23c84a81dda8e3f21f6e9c813bd465255b132d6c,Rare
311afc2498d4b6188e0f65900918ff5669c7ed3b,Rare
480f0bb9abc1703c45838b45c6cf52641e8f98f9,Rare
626953443854b4768bda3d3421019e0a5ee1916e,Rare
4c9852dd8ba6010f1a395fbca2c31336490f5d77,Rare
67920fd12c5f3af7194b73b562d5d36f703238e7,Rare
90977a61fedd951c6ab7ae099145f592a7aea3d1,Rare
b37c329c1ac325807b90cfff2965e7ff1b13e4ad,Rare
b85fcd7c2f6685756380c26a9615a410fcb5afc9,Rare
725825a9fa00c2d1218d35b6197c7b8727be32a8,Rare
a219e28bf8e1bf3477312e5079bd8edf8498d1f1,Rare
986c95cf72ac6a09f54430fea0f017989ec0ba74,Rare
348351c04bc879caa40c975578600beed28a9d0c,Rare
e51ffa8e131013cec30781790e8500e47cbbc6e8,Rare
1c5b9ecd5cfada3444e8a01f69eaa04012b04f57,Rare
238423c98e1c1c268f069905e5681c6d7fea018f,Rare
3318b25164141b22930ebff3e4a8f7906f83c4a7,Rare
c2ebee0bb6958927bcafe26ae5cc586cb2b5d85a,Rare
e8f90043bfe97d8d3c5fce6e3a0d2fd7cc8b2fc3,Rare
fbc0f2e3044b69000e4349a26a262fd7d132522e,Rare
2242868656ae7aa2205ea7036dee217009203be5,Rare
4161359dc2b631aebc15ca14b984d642dfa69aed,Rare
4a893c466b8c67b5edb257faa84228dc006a7892,Rare
a45b3f2c1e0596043deed86f6bf7cd4a1fed32dd,Rare
b1a78faa91be9c81d819281f40def84f89d46600,Rare
b39e91400b31bda5e0b2b51472012530503b0f22,Rare
e5a11ef56564819c3affdcad2ba58c631e0b3eb0,Rare
00a29585cece4106f1391a3fa0cf9f91a135c2fe,Rare
1106833e73da3c66211872f429a23f3c78d544b9,Rare
1fd48ae53731f59ce2a1e6e0a5ee6b5c789342c6,Rare
289c05a5c50e9d3bb18db28ac7201df51d55dd82,Rare
29558202f1dc15d81880568c70df906238fa5861,Rare
5b78ee405c5d2a6fa94062cdbdf7f55d7f77df01,Rare
5be95d8b97be84d7569b68ef2eca7ee0740e9af9,Rare
62ac24b1e1196ca11c79c0c16819694635d9a98b,Rare
63868bda785e50845f87273f96e2a98ea62fe2a3,Rare
64851ecd5b7efef0d00fe9e6b9abf77e7273e0b9,Rare
69567d2ff78521c37444540ad0f3b7c8643eb896,Rare
94b597607f3c264001c243ddd8077fa99b493067,Rare
a5be41369697a57e290c0f6e76ca04f7462928d6,Rare
e3b1aa86987f7e23a245922fb4b32293ee2eb1a4,Rare
e7b36405dbf66f681ada59d5d2bb12c46d597494,Rare
2e8f3ecff378104fa717b502185f0b8a31207a82,Rare
8c3d0d09909540a3403d63f8f224a8875f0cde27,Rare
b6b23de78462e72d385fc0ae33aeb021be0195b7,Rare
c7ee3668350e771e14f3c242d24966e536ae9986,Rare
d36d87abfa363a36bac82e779909e0bbc83e3651,Rare
e994d3d1ead27975ad49b006898278d90d254792,Rare
30101af956174750aa01e279c0e5327422f5dc73,Rare
35ba099b1f1237cf175b6bfb5d282917d0b48fb5,Rare
3bbb7e9e206399a48f96e350f9a8af0aa0883161,Rare
a9fb348c2a02059b17dffae78d37548304748031,Rare
e0b9a565b739552d64c45932fe78bd604805d5ea,Rare
ece4a0f46a6722575c3860bab7677c1f9fa136da,Rare
f699bc8bd326216d4a99043812674dde550cfb7a,Rare
790758173d1cc55100e0ba7f2fbd4dc4bf52fb60,Rare
06ee3d437b296a8221798703cb690d036ef8c01a,Rare
3db73c3d6437134102cecbab2783a7c3cfa34176,Rare
74ba06135f6751e8963ec148fccb1a9c00ba7073,Rare
a3489665456ea7d969df30ff600d7b1a513b471b,Rare
a4b4c97dae0f540dc396384078ea77864c437df9,Rare
e64c6697280a52cf254a93546646c39c51f0a18e,Rare
410a29ea55535668933d66c8fd70a6d7af47c95c,Rare
44b6918185cc1f2a089f08685aecd07e637c07d5,Rare
86b4f0cf337d4885f26cc3714acdbfa210c7846b,Rare
95417444a2154050172c7576925b76fd80f12199,Rare
bbf8bfdb23cd2e78563bef813786cd7f110ad273,Rare
d1fbab9e4a2ba326d592dca8474a1a2d7657648a,Rare
5b1d9e2e2516684d825818c716085d51036d21cf,Rare
eebe265b5e03ffd559a5a3d47f68b0bd0e9fdd2f,Rare
5f59acdd89d9aa7f2b502a512d99ffaa398d8b74,Rare
7249cb38e96dd04f5594ac891bc8e28fec547a55,Rare
8758136037e3b00e6daa3515a6970b21ef19554d,Rare
09083bb80039c7a56db5253cbc97e536e0cc346c,Rare
0b3e7d02edaab379e0011748b7279216615fdaca,Rare
0f27cc6c43a394d07efc3a4e45ea6e1f58f01d7f,Rare
19d0e9af6a6b4d3dbb758ebcd6edf6c82a114995,Rare
1bee8c010d3e3c6abefd31c89a388562571185ae,Rare
2176712444988f0f7c1665031237c7677570de93,Rare
52c788ed5e9ded5125dc06e25565ddd0536c1d57,Rare
61cbe12ad8fa9edd18efb8d4c1ae0d36ef455ab8,Rare
69f371235adae1b0e4855c3792f6d3abb555fe9e,Rare
7c100696823fffa905aaa852d289c3b9ab8fd97d,Rare
8eb3aeec2b0dcfbb2af7a5b7ce3b936e2146831a,Rare
a3d66d86ac73cce30e7c2ecd0f1a00346d85feb2,Rare
aca6a445dee09e2f8834a3ff99570418bb7538b9,Rare
c9d763c19fec136b902043c0179a56b1ecd1469d,Rare
d028cbc1f89ef772ae7068ec2844c91b3e630eea,Rare
d859a7160ad38bc50914319cc7ba6d72427c282e,Rare
d85d01176dfd4872ed284f67c5d9d38563657b2e,Rare
db8a78444cd1369666236be508441a87f9d8de0d,Rare
fffe5d138fda8f1a5a5ee55eee7f928a081a8208,Rare
09be2d3a24e91fbafafa1234086dc05470f53cec,Rare
2ae1ffdee7a02571c2d090fbab59f37b816abc2d,Rare
765734b86d304f34c91e4acfae1c6bbcbd55da25,Rare
0d904d52473dc0e459227c1058a1c5ae1d167055,Rare
1627dd42fb64c5fdde71f415f8c3a02c21d1d568,Rare
be7f9e9c5e67023a3569c4865900b7fa817f54b6,Rare
d83ff7e262dfae80040cfe233f61bce3269af254,Rare
0723b1912ce95ced882d6ed4cd282eda104bc674,Rare
0fa3e3426b7fcb52e59b8c9d0353bdecc782bd2e,Rare
20d8385227a0b31a1fb7d08fe77979a9120a2d73,Rare
29fcf7cea9242ba2fcb3e4e3c7ebf0333242e293,Rare
40a44b652980e1e70445ccbc74f8cf6c527bb84f,Rare
49024997665bc89a671964b08ccf7b3c68bf27b1,Rare
4d4b4ac74879a020d24f313317c20a9fef1b366e,Rare
55011aef1d86c1aeea44ba26057da9ff450dc47b,Rare
5b23e09ca18de28a46b5dbcfae39876e631dc027,Rare
62d4fddc34265aebca4c0cd12294a35be7c3480b,Rare
69cd0c2d6a702ad2e1c8c5dab1d990ae12d7f6a9,Rare
6f8fe4f5ba9a973eb78b15dce98d3e09a3710635,Rare
79cc2e081e1abb4728d829625f2abf07b9c71eb9,Rare
7d36e3a15229189ed98e0d5cf3c7100a18f6b806,Rare
8163a72f96f4ba95a58e54a44251edd61a2829da,Rare
955e3548fa4f92d3f82036829c597380271b8800,Rare
9a544120c3585cf108eaa91aef43309fafc7b8ad,Rare
9ec96ec79153d01daa59de2ead3cddfc8bb07e4b,Rare
a8398d02f87a71c10d13cadbbebbfe37ffa96218,Rare
a968fe09ed9f06f9385b15474482f60dca6b90e8,Rare
ab4cc833197c3c562a3121aed74dac474863492c,Rare
b8d793407e41db330f4c153be5db28e7ae633dc0,Rare
bc2831e1534030e34419fc284bbb09252f0ede33,Rare
ca53310afb121a8467119c1cf5878bae44ca7bcd,Rare
d3d490d881e3a4ae6282c1a1e78e0bc150034915,Rare
dc7ce90d27319fb811acea247c6b9bd70af3674c,Rare
e87ac31e0a4999b0652ebdd6bb1a41523e710a10,Rare
f4f0d30c33f44f6f534ad5a35a5480726710a3ee,Rare
f766b4309193749d8d7c2b5a1c77de7e6bab86ab,Rare
